epoch,time,train/box_loss,train/cls_loss,train/dfl_loss,metrics/precision(B),metrics/recall(B),metrics/mAP50(B),metrics/mAP50-95(B),val/box_loss,val/cls_loss,val/dfl_loss,lr/pg0,lr/pg1,lr/pg2
1,80.6186,0,109.003,0,0,0,0,0,0,141.884,0,0.00026,0.00026,0.00026
2,151.178,0,91.6859,0,0,0,0,0,0,138.001,0,0.00043308,0.00043308,0.00043308
3,219.402,0,79.1602,0,0,0,0,0,0,127.752,0,0.00049528,0.00049528,0.00049528
4,288.038,0,73.8689,0,0,0,0,0,0,117.185,0,0.0004466,0.0004466,0.0004466
5,356.426,0,70.3157,0,0,0,0,0,0,110.688,0,0.00028704,0.00028704,0.00028704
